"Timestamp","Your Name","1. Gender","2. Age","3. Department ","4. Academic Year","  5. Current Accommodation Type  ","  6. Did you apply for a hall seat?  ","7. Did you get a hall seat?  ","8. Number of people sharing your room  ","9. Satisfaction with your current living condition  ","  10. Distance from campus  ","  11. Daily commute time (one way)  ","  12. Total commuting time per day  ","  13. Mode of transport  ","  14. Daily transport cost  ","15. How often are you late due to commuting? ","  16. Monthly living cost  ","  17. Current CGPA  ","18. Average study hours/day  ","19. Class attendance (%)  ","20. Do you miss classes due to commuting?","21. Do you find it difficult to study after commuting? ","22. Have your grades decreased after your current living arrangement?","  23. Stress level  ","  24. Anxiety level  ","  25. Sleep hours/day","  26. Do you feel isolated?  ","  27. Do you feel academic pressure due to your current living situation?  ","28. Do you have a proper study environment at your residence?","29. Participation in extracurricular activities","30. Internet access quality","31. Financial stress level","  32. Does the expenses affect study?  ","33. How safe do you feel in your current residence?","34. Does safety concern affect your mental wellbeing or study?"
"2026/04/24 12:48:05 pm GMT+6","","Female","23-25","Software engineering ","3rd Year","Rented Mess/Flat","No","No","1","2","3–5 km","15–30 min","30–60 min","Bus","0","Sometimes","3000–5000","3.00–3.49","2–4","85%","No","No","Yes","2","2","7","Maybe","Yes","Yes","2","4","2","No","1","4"
"2026/04/24 1:15:23 pm GMT+6","","Female","23-25","IIT","3rd Year","Rented Mess/Flat","Yes","No","2","4","5 km","1 hour","2 hours","Bus","<50","Often","5000–8000","3.00–3.49","<2","70–85%","Yes","Yes","Yes","3","2","6–7","Maybe","Yes","No","2","2","4","Yes","3","4"
"2026/04/24 1:17:32 pm GMT+6","","Female","23-25","MIS","4th Year","Rented Mess/Flat","No","No","1","2","3–5 km","30–60 min","1–2 hours","Bus","0","Sometimes","3000–5000","3.50–4.00","<2","85%","Yes","Yes","Yes","3","3","6–7","No","Yes","No","2","3","5","Yes","3","4"
"2026/04/24 1:27:18 pm GMT+6","","Female","23-25","IIT","3rd Year","Rented Mess/Flat","No","No","1","1","3–5 km","15–30 min","30–60 min","Bus","<50","Sometimes","3000–5000","3.50–4.00","<2","85%","No","Yes","No","2","2","5–6","Maybe","No","Yes","1","4","3","Yes","1","5"
"2026/04/24 1:32:31 pm GMT+6","","Male","23-25","Software Engineering","3rd Year","University Hall","Yes","Yes","more than 4","4","On campus","on campus","0","Walking","0","Sometimes","5000–8000","3.50–4.00","4–6","70–85%","Yes","Yes","No","3","3","5–6","Yes","Yes","Yes","1","4","4","No","3","3"
"2026/04/24 1:54:21 pm GMT+6","","Female","20-22","BGE","3rd Year","Rented Mess/Flat","Yes","Yes","2","3",">5 km","1 hour","1–2 hours","Bus","<50","Sometimes","5000–8000","3.00–3.49","<2","85%","Yes","Yes","Yes","3","2","5–6","No","Yes","Yes","2","3","3","No","3","4"
"2026/04/24 1:58:40 pm GMT+6","","Female","23-25","IIT","3rd Year","Rented Mess/Flat","Yes","No","1","2",">5 km","30–60 min","2 hours","Bus","50–100","Often","5000–8000","3.50–4.00","<2","85%","Yes","Yes","Yes","2","2","7","Maybe","Yes","Yes","1","3","5","Yes","1","3"
"2026/04/24 2:22:06 pm GMT+6","","Female","20-22","statistics ","1st Year","Rented Mess/Flat","No","No","1","1",">5 km","30–60 min","1–2 hours","Bus","<50","Sometimes","<3000","3.00–3.49","<2","85%","Yes","Yes","No","2","1","6–7","Maybe","No","Yes","2","4","2","","1","1"
"2026/04/24 3:03:09 pm GMT+6","","Female","23-25","BMB","3rd Year","Rented Mess/Flat","Yes","No","2","3","3–5 km",">1 hour",">2hours","Bus","50–100","Sometimes","3000–5000","3.50–4.00","4–6","85%","No","Yes","No","2","3","5–6","No","Yes","No","2","2","5","Yes","3","5"
"2026/04/24 3:09:08 pm GMT+6","","Female","23-25","Biochemistry and Molecular Biology ","3rd Year","Rented Mess/Flat","Yes","No","3","3",">5 km","30–60 min","1–2 hours","Bus","<50","Sometimes","5000–8000","3.50–4.00","4–6","85%","Yes","Yes","Yes","3","3","5–6","Yes","Yes","No","1","2","2","Yes","2","1"
"2026/04/24 4:42:40 pm GMT+6","","Female","20-22","Pharmacy ","3rd Year","Rented Mess/Flat","Yes","No","1","3","3–5 km","30–60 min","1–2 hours","","<50","Sometimes","5000–8000","3.50–4.00","<2","70–85%","Yes","Yes","No","2","2","5–6","No","Yes","No","1","3","4","Yes","3","3"
"2026/04/24 4:47:08 pm GMT+6","","Male","23-25","IIT","2nd Year","Rented Mess/Flat","Yes","No","2","5",">5 km","30–60 min","1–2 hours","Bus","50–100","Sometimes",">8000","3.00–3.49","2–4","50–70%","Yes","Yes","Yes","2","2","6–7","No","Yes","No","3","3","4","Yes","2","4"
"2026/04/24 4:47:09 pm GMT+6","","Male","20-22","Iit","2nd Year","Rented Mess/Flat","No","No","1","2","<1 km","<15 min","<30 min","Walking","0","Sometimes","3000–5000","3.00–3.49","4–6","70–85%","Yes","No","Yes","2","2","6–7","No","Yes","Yes","3","5","3","Yes","3","3"
"2026/04/24 4:47:39 pm GMT+6","","Female","20-22","Software engineering ","2nd Year","Living with Family","No","No","","1","3–5 km","30–60 min","1–2 hours","Bus","<50","Often","5000–8000","3.50–4.00","2–4","70–85%","No","Yes","No","2","2","6–7","No","No","Yes","1","5","1","No","1","1"
"2026/04/24 4:48:30 pm GMT+6","","Male","20-22","Software Engineering ","2nd Year","Rented Mess/Flat","No","No","2","4","3–5 km","on campus","0","Bus","<50","Sometimes","5000–8000","3.00–3.49","2–4","70–85%","Yes","Yes","No","2","2","6–7","Yes","Yes","Yes","2","4","3","Yes","2","2"
"2026/04/24 4:49:09 pm GMT+6","","Male","23-25","Software Engineering ","2nd Year","Rented Mess/Flat","Yes","No","2","5",">5 km","30–60 min","1–2 hours","Bus","0","Sometimes","5000–8000","2.50–2.99","2–4","85-100%","Yes","Yes","Yes","3","3","6–7","Yes","Yes","No","2","3","4","Yes","3","3"
"2026/04/24 4:49:18 pm GMT+6","","Male","20-22","Software Engineerin","2nd Year","Rented Mess/Flat","No","No","1","4",">5 km","15–30 min","30–60 min","Bus","0","Sometimes","5000–8000","3.00–3.49","<2","50–70%","No","Yes","No","1","1","5–6","No","No","Yes","1","2","4","Yes","2","3"
"2026/04/24 4:49:24 pm GMT+6","","Male","20-22","Software Engineering ","2nd Year","Rented Mess/Flat","Yes","No","2","5",">5 km","30–60 min","1–2 hours","Bus","50–100","Often",">8000","3.50–4.00","<2","85-100%","No","Yes","Yes","3","3","5–6","No","Yes","No","1","4","5","Yes","5","4"
"2026/04/24 4:50:39 pm GMT+6","","Male","23-25","SE","2nd Year","Rented Mess/Flat","No","No","single room","5",">5 km",">1 hour",">2hours","Bus","100–200","Often",">8000","2.50–2.99","<2","50–70%","Yes","Yes","Yes","3","3","5–6","Maybe","Yes","Yes","2","3","5","Yes","4","4"
"2026/04/24 4:51:39 pm GMT+6","","Female","23-25","Software Engineering ","2nd Year","Rented Mess/Flat","No","No","2","3",">5 km","30–60 min","1–2 hours","Bus","<50","Often",">8000","3.00–3.49","2–4","50–70%","Yes","Yes","Yes","3","3","5–6","Maybe","Yes","Yes","1","3","3","Yes","2","2"
"2026/04/24 4:54:23 pm GMT+6","","Female","20-22","IIT","2nd Year","Rented Mess/Flat","No","No","2","2",">5 km","15–30 min","30–60 min","Bus","50–100","Sometimes","5000–8000","3.50–4.00","7-8","85-100%","Yes","Yes","Yes","3","3","<5","Maybe","Yes","Yes","1","4","1","No","2","3"
"2026/04/24 4:55:19 pm GMT+6","","Male","20-22","Software Engineering ","2nd Year","University Hall","Yes","Yes","more than 4","3","On campus","on campus","0","Walking","0","Never","3000–5000","3.00–3.49","<2","50–70%","No","Yes","No","3","3","6–7","Yes","No","Yes","1","3","3","No","3","2"
"2026/04/24 4:56:18 pm GMT+6","","Male","20-22","Software Engineering ","2nd Year","Rented Mess/Flat","Yes","No","2","5",">5 km","15–30 min","30–60 min","Bus","0","Sometimes","5000–8000","3.00–3.49","4–6","70–85%","Yes","Yes","No","1","1","6–7","No","No","Yes","1","4","3","Yes","1","5"
"2026/04/24 5:04:01 pm GMT+6","","Male","20-22","THM ","3rd Year","Rented Mess/Flat","No","No","3","5",">5 km",">1 hour","1–2 hours","Bus","50–100","Never",">8000","3.50–4.00","4–6","50–70%","Yes","Yes","Yes","1","2","6–7","","Yes","No","1","1","3","No","2","3"
"2026/04/24 6:07:38 pm GMT+6","","Male","20-22","Pharmacy ","3rd Year","University Hall","Yes","Yes","more than 4","3","On campus","on campus","30–60 min","Bus","<50","Sometimes","5000–8000","3.50–4.00","<2","85-100%","No","Yes","No","2","2","5–6","Maybe","No","Yes","2","3","3","Yes","1","1"
"2026/04/24 6:21:10 pm GMT+6","","Male","20-22","IIT ","3rd Year","Living with Family","No","No","","1",">5 km","30–60 min","1–2 hours","Bus","<50","Never","3000–5000","3.50–4.00","<2","85-100%","No","Yes","No","3","3","5–6","Yes","No","Yes","1","3","2","No","1","3"
"2026/04/24 6:22:53 pm GMT+6","","Male","20-22","IIT","3rd Year","Other","Yes","No","3","3","<1 km","<15 min","<30 min","Walking","0","Sometimes","5000–8000","3.00–3.49","<2","85-100%","No","Yes","Yes","1","1","7-10","No","No","Yes","2","3","3","Yes","3","3"
"2026/04/24 6:32:56 pm GMT+6","","Female","23-25","Statistics ","3rd Year","Rented Mess/Flat","No","No","single room","1","3–5 km","15–30 min","30–60 min","Bus","0","Sometimes","3000–5000","3.50–4.00","<2","85-100%","No","No","No","2","2","6–7","Maybe","No","Yes","2","3","4","No","1","1"
"2026/04/24 6:37:44 pm GMT+6","","Male","20-22","Software Engineering ","2nd Year","Rented Mess/Flat","No","No","2","4",">5 km","30–60 min","1–2 hours","Bus","0","Sometimes","5000–8000","3.00–3.49","2–4","70–85%","Yes","Yes","Yes","2","2","6–7","Maybe","Yes","No","1","2","4","Yes","3","3"
"2026/04/24 7:34:41 pm GMT+6","","Female","23-25","Biotechnology and Genetic Engineering ","3rd Year","Rented Mess/Flat","Yes","No","3","3","3–5 km","30–60 min","1–2 hours","Bus","<50","Sometimes","5000–8000","3.50–4.00","4–6","85-100%","Yes","Yes","Yes","2","2","5–6","Maybe","Yes","Yes","1","2","3","Yes","3","3"
"2026/04/24 7:38:20 pm GMT+6","","Female","20-22","IIT","3rd Year","Living with Family","No","No","1","2","1–3 km","15–30 min","1–2 hours","Bus","0","Sometimes","3000–5000","3.00–3.49","<2","50–70%","No","Yes","No","3","3","7-10","No","No","Yes","1","2","4","No","3","4"
"2026/04/24 7:38:49 pm GMT+6","","Female","23-25","Biotechnology and genetic engineering ","3rd Year","Rented Mess/Flat","Yes","No","2","3","<1 km","<15 min","<30 min","Walking","<50","Sometimes","5000–8000","3.50–4.00","4–6","85-100%","Yes","Yes","Yes","2","2","6–7","Yes","No","Yes","1","2","4","Yes","2","4"
"2026/04/24 8:17:52 pm GMT+6","","Male","20-22","Applied mathematics ","3rd Year","Rented Mess/Flat","No","No","1","5",">5 km","30–60 min","1–2 hours","Bus","<50","Often","5000–8000","3.00–3.49","<2","70–85%","Yes","Yes","Yes","3","3","5–6","Yes","No","Yes","3","4","2","No","3","1"
"2026/04/24 8:20:19 pm GMT+6","","Male","23-25","Applied mathematics ","3rd Year","Rented Mess/Flat","No","No","2","1",">5 km","30–60 min","30–60 min","Bus","50–100","Sometimes",">8000","3.50–4.00","<2","70–85%","Yes","Yes","No","3","2","6–7","Maybe","No","Yes","2","5","2","Yes","1","1"
"2026/04/24 8:30:42 pm GMT+6","","Female","23-25","Software Engineering","3rd Year","University Hall","Yes","Yes","4","2","On campus","on campus","<30 min","Walking","0","Sometimes","3000–5000","3.00–3.49","<2","85-100%","Yes","Yes","No","3","3","6–7","Yes","No","No","1","3","3","Yes","2","2"
"2026/04/24 11:04:27 pm GMT+6","","Male","20-22","Applied math ","3rd Year","Rented Mess/Flat","No","No","1","3",">5 km","15–30 min",">2hours","Bus","50–100","Sometimes","3000–5000","3.00–3.49","<2","70–85%","No","Yes","No","2","3","6–7","No","No","Yes","2","5","2","No","4","1"
"2026/04/24 11:24:32 pm GMT+6","","Prefer not to say","20-22","IIT","1st Year","University Hall","Yes","Yes","more than 4","3","On campus","on campus","0","Walking","0","Often","5000–8000","3.00–3.49","<2","85-100%","No","Yes","No","3","3","5–6","Maybe","No","No","2","2","4","No","2","4"
"2026/04/24 11:45:05 pm GMT+6","","Female","20-22","CSE","3rd Year","Living with Family","No","No","","1","1–3 km","30–60 min","1–2 hours","Bus","0","Never","<3000","3.00–3.49","<2","85-100%","No","No","No","2","2","6–7","No","No","Yes","2","3","3","No","1","1"
"2026/04/24 11:57:20 pm GMT+6","","Male","Above 25","Statistics ","4th Year","Rented Mess/Flat","No","No","2","1",">5 km","30–60 min",">2hours","Walking","<50","Sometimes",">8000","3.00–3.49","<2","70–85%","No","Yes","No","1","2","5–6","Yes","Yes","No","1","3","4","Yes","2","2"
"2026/04/24 11:59:46 pm GMT+6","","Female","20-22","Software Engineering ","1st Year","Rented Mess/Flat","Yes","No","2","3","3–5 km","15–30 min","30–60 min","Bus","0","Sometimes","3000–5000","3.00–3.49","2–4","85-100%","Yes","Yes","No","2","2","6–7","Yes","No","Yes","2","1","3","Yes","2","3"
"2026/04/25 9:43:50 am GMT+6","","Male","23-25","Fisheries and Marine Science ","3rd Year","University Hall","Yes","Yes","more than 4","4","On campus","on campus","30–60 min","Bus","50–100","Sometimes","5000–8000","3.00–3.49","<2","70–85%","No","Yes","No","3","2","7-10","Maybe","Yes","No","3","2","4","Yes","3","4"
"2026/04/25 11:13:36 am GMT+6","","Male","23-25","CSE","4th Year","Living with Family","No","No","","1",">5 km",">1 hour",">2hours","Bus","0","Sometimes","5000–8000","3.00–3.49","<2","85-100%","Yes","No","No","2","1","5–6","No","No","Yes","3","4","4","No","4","2"
"2026/04/25 5:48:30 pm GMT+6","","Male","20-22","IIT (SE)","1st Year","Rented Mess/Flat","Yes","No","2","5",">5 km",">1 hour",">2hours","Bus","<50","Sometimes","3000–5000","3.00–3.49","<2","85-100%","No","Yes","Yes","2","2","5–6","No","Yes","No","1","2","3","No","4","2"
"2026/04/25 7:27:47 pm GMT+6","","Female","20-22","Educational administration ","2nd Year","University Hall","Yes","Yes","more than 4","5","On campus","on campus","<30 min","Walking","<50","Sometimes","<3000","3.50–4.00","<2","70–85%","No","Yes","Yes","2","2","<5","No","Yes","No","2","3","3","No","2","1"
"2026/04/25 7:28:50 pm GMT+6","","Female","23-25","Agriculture ","3rd Year","University Hall","Yes","Yes","more than 4","2","On campus","<15 min","<30 min","Walking","<50","Never","3000–5000","3.00–3.49","2–4","70–85%","No","Yes","No","2","2","7-10","No","No","Yes","1","4","3","Yes","1","3"
"2026/04/25 7:34:29 pm GMT+6","","Female","23-25","Bmb","3rd Year","University Hall","Yes","Yes","4","4","<1 km","on campus","<30 min","Walking","<50","Sometimes","5000–8000","3.50–4.00","<2","85-100%","No","No","No","2","3","7-10","Maybe","Yes","No","2","3","1","No","1","1"
"2026/04/25 7:39:31 pm GMT+6","","Female","20-22","Biochemistry & Molecular Biology ","3rd Year","Rented Mess/Flat","Yes","No","2","5",">5 km","30–60 min","30–60 min","Bus","<50","Sometimes","3000–5000","3.50–4.00","<2","70–85%","Yes","Yes","No","2","2","5–6","No","No","Yes","1","1","4","Yes","3","3"
"2026/04/25 7:41:52 pm GMT+6","","Female","20-22","Statistics ","3rd Year","Rented Mess/Flat","No","No","2","1",">5 km","15–30 min","30–60 min","Bus","0","Never","5000–8000","3.00–3.49","<2","50–70%","No","Yes","No","3","3","7-10","No","No","Yes","1","4","3","No","1","3"
"2026/04/25 7:55:21 pm GMT+6","","Female","20-22","MIS","4th Year","University Hall","Yes","Yes","4","3","On campus","<15 min","0","Walking","0","Sometimes","<3000","3.00–3.49","2–4","85-100%","Yes","No","No","3","3","5–6","Yes","Yes","No","1","1","4","Yes","3","4"
"2026/04/25 7:58:18 pm GMT+6","","Male","23-25","Microbiology ","3rd Year","Rented Mess/Flat","Yes","No","3","5","3–5 km",">1 hour",">2hours","Bus","<50","Often",">8000","3.00–3.49","4–6","70–85%","Yes","Yes","Yes","3","3","<5","Yes","Yes","No","2","2","4","Yes","4","4"
"2026/04/25 8:00:36 pm GMT+6","","Female","17-19","MIS","1st Year","Rented Mess/Flat","Yes","No","2","5","3–5 km",">1 hour",">2hours","Bus","<50","Often","5000–8000","3.00–3.49","2–4","70–85%","Yes","Yes","Yes","3","3","<5","Yes","Yes","No","1","2","5","Yes","4","5"
"2026/04/25 8:20:21 pm GMT+6","","Female","20-22","Software Engineering ","3rd Year","Rented Mess/Flat","Yes","No","2","3",">5 km",">1 hour",">2hours","Bus","<50","Sometimes","5000–8000","3.50–4.00","<2","70–85%","Yes","Yes","Yes","3","3","<5","Yes","Yes","Yes","1","3","5","Yes","4","5"
"2026/04/25 8:27:15 pm GMT+6","","Male","20-22","Iit","3rd Year","University Hall","Yes","Yes","more than 4","3","On campus","on campus","<30 min","Walking","0","Sometimes","5000–8000","3.50–4.00","2–4","70–85%","Yes","Yes","Yes","2","2","6–7","No","Yes","No","2","1","3","Yes","3","3"
"2026/04/25 8:35:00 pm GMT+6","","Female","20-22","Biotechnology and Genetic Engineering ","3rd Year","University Hall","Yes","Yes","more than 4","3","On campus","on campus","0","Walking","0","Never","3000–5000","3.50–4.00","2–4","85-100%","No","No","No","2","2","6–7","No","Yes","No","1","1","3","Yes","3","3"
"2026/04/25 8:37:41 pm GMT+6","","Female","20-22","mis","4th Year","Rented Mess/Flat","No","No","1","5","3–5 km","30–60 min","1–2 hours","Bus","<50","Often","5000–8000","3.50–4.00","<2","85-100%","No","Yes","No","3","3","<5","No","Yes","No","3","1","3","No","1","1"
"2026/04/25 8:43:49 pm GMT+6","","Female","23-25","BMB","3rd Year","Rented Mess/Flat","Yes","No","2","2",">5 km","30–60 min",">2hours","Bus","<50","Sometimes","5000–8000","3.50–4.00","4–6","85-100%","Yes","Yes","No","1","1","5–6","No","No","Yes","2","2","3","No","1","3"
"2026/04/25 9:01:11 pm GMT+6","","Male","23-25","IIT","3rd Year","University Hall","Yes","Yes","more than 4","3","On campus","on campus",">2hours","Walking","0","Sometimes",">8000","3.00–3.49","<2","70–85%","Yes","Yes","No","1","1","<5","No","No","No","1","1","1","Yes","1","1"
"2026/04/25 9:32:06 pm GMT+6","","Female","20-22","MIS","4th Year","University Hall","Yes","Yes","more than 4","4","On campus","on campus",">2hours","Rickshaw","100–200","Sometimes","<3000","3.50–4.00","2–4","85-100%","Yes","Yes","Yes","2","2","7-10","Maybe","No","Yes","2","2","2","Yes","2","2"
"2026/04/25 10:20:52 pm GMT+6","","Male","20-22","IIT","3rd Year","Rented Mess/Flat","Yes","No","more than 4","5","1–3 km","15–30 min","30–60 min","Bus","50–100","Sometimes","5000–8000","3.00–3.49","2–4","50–70%","Yes","Yes","No","2","2","5–6","No","No","No","3","4","3","Yes","3","3"
"2026/04/26 3:12:51 pm GMT+6","","Male","23-25","Microbiology ","3rd Year","University Hall","Yes","Yes","more than 4","1","On campus","on campus","30–60 min","Bus","<50","Never","5000–8000","3.00–3.49","<2","85-100%","No","No","No","1","1","5–6","No","No","Yes","2","5","1","No","1","1"
"2026/04/26 8:58:02 pm GMT+6","","Female","20-22","SWES","3rd Year","Rented Mess/Flat","Yes","No","2","5","1–3 km",">1 hour","1–2 hours","Bus","<50","Sometimes","5000–8000","3.00–3.49","<2","85-100%","Yes","Yes","Yes","3","3","7-10","Maybe","Yes","No","1","1","5","Yes","5","5"
"2026/04/28 5:35:30 pm GMT+6","","Male","20-22","IIT","1st Year","Rented Mess/Flat","No","No","single room","3",">5 km","30–60 min","30–60 min","Bus","0","Sometimes","5000–8000","3.00–3.49","2–4","50–70%","Yes","Yes","No","2","2","5–6","","No","No","2","4","4","Yes","2","2"
"2026/04/28 5:51:19 pm GMT+6","","Male","20-22","IIT(SE)","1st Year","Rented Mess/Flat","No","No","2","1","3–5 km","15–30 min","1–2 hours","Bus","<50","Never","3000–5000","3.00–3.49","4–6","85-100%","No","No","No","1","1","7-10","No","No","Yes","1","5","1","No","1","1"
"2026/04/28 7:12:15 pm GMT+6","","Male","20-22","IIT ","1st Year","University Hall","Yes","Yes","more than 4","3","On campus","on campus","<30 min","Walking","0","Sometimes","<3000","3.50–4.00","<2","85-100%","No","No","No","2","2","7-10","No","No","Yes","2","1","2","Yes","4","3"
"2026/04/29 6:33:25 pm GMT+6","","Female","20-22","DBA","2nd Year","Rented Mess/Flat","No","No","3","3",">5 km","15–30 min","30–60 min","Bus","<50","Sometimes","5000–8000","3.50–4.00","<2","50–70%","No","Yes","No","2","2","6–7","No","No","Yes","1","4","4","Yes","2","1"
"2026/04/29 6:36:55 pm GMT+6","","Female","20-22","Educational administration ","3rd Year","Rented Mess/Flat","No","No","2","2",">5 km","15–30 min","30–60 min","Bus","<50","Sometimes",">8000","3.50–4.00","<2","85-100%","No","No","No","1","3","7-10","Maybe","No","Yes","3","1","1","No","1","1"
"2026/04/30 1:23:02 pm GMT+6","","Female","23-25","Iit ","3rd Year","Living with Family","No","No","","5","1–3 km","30–60 min","1–2 hours","Bus","0","Never","3000–5000","3.00–3.49","<2","85-100%","No","No","No","3","3",">10","Yes","No","Yes","2","3","5","No","3","3"
"2026/04/30 2:37:12 pm GMT+6","","Female","20-22","EEE ","3rd Year","Rented Mess/Flat","No","No","1","3","3–5 km","15–30 min","30–60 min","Bus","0","Sometimes","5000–8000","3.50–4.00","2–4","85-100%","Yes","Yes","Yes","3","1","5–6","Maybe","Yes","No","1","3","5","Yes","3","4"
"2026/04/30 10:55:53 pm GMT+6","","Female","20-22","Bangla","1st Year","Rented Mess/Flat","Yes","No","2","3","3–5 km","30–60 min","1–2 hours","Bus","0","Sometimes",">8000","3.00–3.49","<2","70–85%","No","No","No","3","3","5–6","Maybe","Yes","Yes","2","4","3","Yes","3","3"
"2026/05/01 10:36:21 am GMT+6","","Male","20-22","IIT","1st Year","Living with Family","Yes","No","single room","5",">5 km",">1 hour",">2hours","Bus","50–100","Sometimes","3000–5000","3.50–4.00","<2","85-100%","Yes","Yes","Yes","2","2","5–6","Yes","Yes","No","1","1","4","Yes","1","1"
"2026/05/01 10:49:26 am GMT+6","","Female","20-22","Software engineering ","1st Year","Rented Mess/Flat","Yes","No","3","5","3–5 km","30–60 min",">2hours","Bus","<50","Sometimes","3000–5000","3.00–3.49","2–4","85-100%","Yes","Yes","No","2","2","5–6","Maybe","Yes","Yes","1","2","5","Yes","2","1"
"2026/05/05 12:37:36 pm GMT+6","","Male","23-25","IIT","3rd Year","University Hall","Yes","Yes","more than 4","5","On campus","on campus","<30 min","Walking","0","Often","5000–8000","3.00–3.49","<2","<50%","No","No","Yes","3","3","7-10","No","Yes","No","3","3","4","Yes","3","3"
"2026/05/05 12:47:01 pm GMT+6","","Female","20-22","IIT","3rd Year","Rented Mess/Flat","No","No","2","2",">5 km","30–60 min","1–2 hours","Bus","<50","Sometimes","3000–5000","3.00–3.49","<2","50–70%","No","Yes","Yes","3","3","6–7","Maybe","No","Yes","1","4","2","No","2","2"
"2026/05/05 12:50:21 pm GMT+6","","Male","23-25","Software Engineering","2nd Year","Rented Mess/Flat","Yes","No","3","3","<1 km","<15 min","<30 min","Walking","0","Sometimes","<3000","2.50–2.99","<2","50–70%","Yes","Yes","Yes","3","3","5–6","Yes","Yes","No","2","2","5","Yes","3","3"
"2026/05/05 1:24:08 pm GMT+6","","Female","20-22","IIT","3rd Year","Rented Mess/Flat","Yes","No","single room","4","1–3 km","15–30 min","<30 min","Rickshaw","<50","Often","5000–8000","3.00–3.49","2–4","85-100%","No","Yes","Yes","3","3","6–7","Yes","Yes","Yes","1","4","5","Yes","2","2"
"2026/05/05 1:26:08 pm GMT+6","","Female","23-25","IIT","3rd Year","Living with Family","No","No","2","3","1–3 km",">1 hour",">2hours","Bus","100–200","Often","5000–8000","3.50–4.00","<2","<50%","Yes","Yes","Yes","2","2",">10","Yes","Yes","Yes","1","3","4","Yes","5","3"
"2026/05/05 2:19:58 pm GMT+6","","Female","20-22","Software engineering ","2nd Year","University Hall","Yes","Yes","2","2","On campus","on campus","<30 min","Walking","0","Sometimes","3000–5000","3.00–3.49","4–6","70–85%","No","No","No","2","2","6–7","No","No","Yes","3","4","4","Yes","3","3"
"2026/05/05 2:20:11 pm GMT+6","","Male","20-22","IIT","3rd Year","University Hall","Yes","Yes","more than 4","2","On campus","<15 min","<30 min","Walking","0","Sometimes","5000–8000","3.50–4.00","2–4","70–85%","No","No","No","1","1","6–7","No","No","Yes","1","3","4","No","1","1"
"2026/05/05 2:29:50 pm GMT+6","","Female","20-22","Economics","2nd Year","Rented Mess/Flat","No","No","3","2",">5 km","30–60 min","1–2 hours","Bus","<50","Never","3000–5000","3.50–4.00","<2","85-100%","No","Yes","No","3","2","7-10","Maybe","No","Yes","1","4","1","No","1","1"
"2026/05/05 2:33:44 pm GMT+6","","Female","20-22","IIT","3rd Year","University Hall","Yes","Yes","1","4","<1 km","<15 min","1–2 hours","Walking","<50","Sometimes","3000–5000","3.50–4.00","<2","50–70%","No","No","Yes","2","2","7-10","Yes","No","No","2","2","2","Yes","1","3"
"2026/05/05 2:48:30 pm GMT+6","","Male","20-22","IIT","1st Year","Rented Mess/Flat","No","No","1","2",">5 km","30–60 min","1–2 hours","Bus","<50","Sometimes",">8000","3.00–3.49","<2","70–85%","Yes","Yes","Yes","2","2","6–7","Maybe","No","No","2","4","3","Yes","3","3"
"2026/05/05 2:52:17 pm GMT+6","","Female","23-25","Applied math ","3rd Year","Rented Mess/Flat","No","No","2","3","1–3 km","30–60 min","1–2 hours","Bus","<50","Sometimes","3000–5000","3.50–4.00","4–6","85-100%","No","Yes","No","2","2","6–7","Maybe","Yes","Yes","2","4","3","No","4","3"
"2026/05/05 3:04:44 pm GMT+6","","Female","23-25","Software Engineering (IIT)","2nd Year","Rented Mess/Flat","No","No","1","3","1–3 km","30–60 min",">2hours","Bus","<50","Often",">8000","3.00–3.49","2–4","70–85%","Yes","Yes","Yes","3","3","5–6","Maybe","Yes","Yes","1","3","5","Yes","2","3"
"2026/05/05 3:26:53 pm GMT+6","","Male","23-25","Applied Mathematics ","3rd Year","Rented Mess/Flat","No","No","1","2",">5 km","15–30 min","1–2 hours","Bus","0","Sometimes",">8000","3.50–4.00","<2","70–85%","No","Yes","No","2","2","7-10","No","No","Yes","2","4","2","Yes","2","4"
"2026/05/05 3:39:57 pm GMT+6","","Male","23-25","IIT","3rd Year","Living with Family","Yes","No","single room","5","<1 km","15–30 min","30–60 min","Walking","0","Sometimes","5000–8000","3.50–4.00","4–6","85-100%","No","Yes","No","1","1","7-10","Yes","No","Yes","1","4","2","Yes","1","1"
"2026/05/05 3:40:21 pm GMT+6","","Female","23-25","IIT","4th Year","University Hall","Yes","Yes","more than 4","3","On campus","on campus","0","Walking","<50","Sometimes","5000–8000","3.50–4.00","2–4","85-100%","No","Yes","No","3","3","<5","Maybe","Yes","Yes","3","1","3","Yes","1","3"
"2026/05/05 5:57:54 pm GMT+6","","Female","23-25","IICT","3rd Year","Rented Mess/Flat","Yes","Waiting","2","1","<1 km","<15 min","<30 min","Walking","0","Never",">8000","3.00–3.49","<2","85-100%","No","No","No","3","3","7-10","Yes","Yes","Yes","1","3","3","No","1","5"
"2026/05/05 6:08:51 pm GMT+6","","Male","20-22","Software Engineering ","2nd Year","Rented Mess/Flat","Yes","No","single room","2","1–3 km","15–30 min","30–60 min","Walking","<50","Never","5000–8000","3.50–4.00","4–6","85-100%","No","No","No","2","2","7-10","No","No","Yes","2","4","3","Yes","2","4"
"2026/05/05 7:14:34 pm GMT+6","","Male","23-25","IIT","3rd Year","Rented Mess/Flat","No","No","2","2","3–5 km","15–30 min","30–60 min","Bus","<50","Sometimes","3000–5000","2.50–2.99","2–4","85-100%","No","No","No","2","2","6–7","No","No","Yes","1","3","3","No","2","3"
"2026/05/05 7:29:41 pm GMT+6","","Female","23-25","IIT","4th Year","Rented Mess/Flat","Yes","Yes","more than 4","4",">5 km","15–30 min","30–60 min","CNG","<50","Sometimes","5000–8000","2.50–2.99","2–4","<50%","No","No","No","1","1","5–6","No","No","Yes","1","3","2","No","2","1"
"2026/05/05 8:33:20 pm GMT+6","","Female","23-25","Applied mathematics ","3rd Year","Rented Mess/Flat","No","No","1","2",">5 km","15–30 min","1–2 hours","Bus","<50","Often","5000–8000","3.00–3.49","<2","50–70%","Yes","Yes","Yes","2","2","5–6","No","Yes","Yes","2","3","3","Yes","3","2"
"2026/05/05 8:52:43 pm GMT+6","","Male","23-25","ESDM","4th Year","University Hall","Yes","Yes","4","2","On campus","on campus","<30 min","Bus","0","Sometimes","3000–5000","3.50–4.00","2–4","85-100%","No","No","No","1","1","5–6","Yes","Yes","Yes","2","3","2","No","2","2"
"2026/05/06 11:05:27 am GMT+6","","Male","20-22","Software engineering ","2nd Year","Rented Mess/Flat","No","No","single room","1",">5 km","30–60 min","1–2 hours","Bus","0","Sometimes","5000–8000","3.00–3.49","2–4","<50%","No","Yes","Yes","3","3","5–6","Yes","Yes","Yes","1","2","5","Yes","1","1"
"2026/05/06 11:05:44 am GMT+6","","Female","20-22","IIT","2nd Year","Rented Mess/Flat","No","No","2","3",">5 km","30–60 min","30–60 min","Bus","<50","Sometimes","5000–8000","3.00–3.49","2–4","70–85%","Yes","Yes","Yes","2","3","5–6","Maybe","Yes","Yes","2","3","2","No","2","1"
"2026/05/06 11:06:07 am GMT+6","","Male","20-22","SOFTWARE Engineering","1st Year","University Hall","Yes","No","2","3","1–3 km","15–30 min","<30 min","Rickshaw","<50","Sometimes","3000–5000","2.50–2.99","4–6","70–85%","Yes","Yes","Yes","1","1","5–6","Yes","Yes","Yes","1","2","3","Yes","3","2"
"2026/05/06 11:06:35 am GMT+6","","Male","20-22","IIT","2nd Year","Rented Mess/Flat","Yes","No","2","4",">5 km","30–60 min","1–2 hours","Bus","50–100","Sometimes",">8000","3.00–3.49","4–6","50–70%","Yes","Yes","Yes","3","3","6–7","Maybe","Yes","Yes","2","4","4","Yes","3","4"
"2026/05/06 11:06:45 am GMT+6","","Female","20-22","IIT","2nd Year","Living with Family","No","No","","3","3–5 km","30–60 min","1–2 hours","Bus","<50","Sometimes","5000–8000","3.50–4.00","2–4","70–85%","No","Yes","No","2","2","6–7","No","No","Yes","1","4","3","No","1","1"
"2026/05/06 11:07:34 am GMT+6","","Male","20-22","IIT","2nd Year","Rented Mess/Flat","No","No","2","3","<1 km","<15 min","<30 min","Walking","0","Sometimes","<3000","3.00–3.49","4–6","85-100%","No","No","Yes","2","2","6–7","No","Yes","No","2","4","3","No","3","3"
"2026/05/06 11:08:32 am GMT+6","","Male","20-22","Software Engineering ","2nd Year","Rented Mess/Flat","No","No","2","1",">5 km","30–60 min","1–2 hours","Bus","0","Never","5000–8000","3.00–3.49","2–4","85-100%","No","Yes","Yes","3","3","6–7","No","Yes","Yes","3","4","3","Yes","4","3"
"2026/05/06 11:08:34 am GMT+6","","Female","20-22","Software Engineering ","2nd Year","Rented Mess/Flat","Yes","No","2","4",">5 km","30–60 min","1–2 hours","Bus","<50","Sometimes","5000–8000","3.50–4.00","2–4","50–70%","Yes","Yes","Yes","3","3","<5","Yes","Yes","No","1","2","1","Yes","4","2"
"2026/05/06 11:09:46 am GMT+6","","Male","20-22","Software engineering ","2nd Year","Rented Mess/Flat","No","No","1","1",">5 km","<15 min","<30 min","Bus","0","Never","5000–8000","3.00–3.49","2–4","85-100%","No","No","No","3","3","7-10","Yes","No","No","1","2","5","Yes","1","2"
"2026/05/06 11:11:03 am GMT+6","","Male","20-22","Software Engineering ","2nd Year","Rented Mess/Flat","No","No","1","1",">5 km","30–60 min","30–60 min","Bus","<50","Sometimes","3000–5000","3.00–3.49","2–4","70–85%","No","No","No","1","1","6–7","No","No","Yes","2","4","2","Yes","1","1"
"2026/05/06 11:13:07 am GMT+6","","Male","20-22","Software Engineering ","2nd Year","Other","No","No","2","3",">5 km","30–60 min","30–60 min","Bus","<50","Sometimes","5000–8000","3.00–3.49","7-8","85-100%","No","No","Yes","2","2","7-10","No","Yes","Yes","3","4","3","Yes","1","3"
"2026/05/06 11:17:23 am GMT+6","","Male","23-25","IIT ","2nd Year","Rented Mess/Flat","No","No","2","2",">5 km","30–60 min","1–2 hours","Bus","50–100","Sometimes",">8000","3.00–3.49","2–4","70–85%","No","Yes","No","1","1","6–7","No","No","Yes","1","3","3","Yes","3","3"
"2026/05/06 11:33:58 am GMT+6","Dipa Das","Female","23-25","Software engineering ","3rd Year","Rented Mess/Flat","No","No","1","2","1–3 km","15–30 min","30–60 min","Bus","0","Never","3000–5000","3.00–3.49","2–4","85-100%","No","No","No","2","2","6–7","No","No","Yes","2","4","1","No","1","4"
"2026/05/06 11:37:39 am GMT+6","Bony","Female","23-25","IIT","3rd Year","Rented Mess/Flat","Yes","No","1","3",">5 km","30–60 min","1–2 hours","Bus","50–100","Often","5000–8000","3.00–3.49","<2","50–70%","No","Yes","Yes","3","3","6–7","Maybe","No","Yes","1","3","4","Yes","3","4"
"2026/05/06 11:37:48 am GMT+6","Yousuf Ahmed Raihan","Male","23-25","IIT","3rd Year","University Hall","Yes","Yes","4","3","On campus","on campus","0","Walking","0","Sometimes","5000–8000","2.50–2.99","2–4","70–85%","No","No","No","2","2","6–7","Maybe","Yes","No","2","2","3","Yes","4","3"
"2026/05/06 11:39:29 am GMT+6","Mehedi hasan","Male","20-22","Iit","3rd Year","Rented Mess/Flat","Yes","Yes","more than 4","2","On campus","on campus","0","Walking","0","Sometimes","5000–8000","3.50–4.00","4–6","85-100%","Yes","Yes","Yes","2","2","6–7","No","No","Yes","2","3","3","Yes","3","2"
"2026/05/06 11:43:01 am GMT+6","Shorna","Female","20-22","IIT","3rd Year","Rented Mess/Flat","Yes","No","single room","2","1–3 km","<15 min","<30 min","Rickshaw","<50","Sometimes","5000–8000","3.00–3.49","<2","85-100%","Yes","Yes","Yes","3","3","6–7","Yes","Yes","Yes","","3","5","Yes","3","5"
"2026/05/06 11:43:19 am GMT+6","Fabiha Bushra ","Female","20-22","IIT","3rd Year","Rented Mess/Flat","No","No","2","2","3–5 km","30–60 min","1–2 hours","Bus","<50","Sometimes","3000–5000","3.00–3.49","<2","50–70%","Yes","Yes","No","2","2","6–7","Maybe","No","Yes","1","3","1","No","2","2"
"2026/05/06 12:08:27 pm GMT+6","Nusrat Jahan ","Female","23-25","MIS ","4th Year","Rented Mess/Flat","Yes","No","1","4","3–5 km","30–60 min",">2hours","Bus","<50","Sometimes","5000–8000","3.50–4.00","2–4","70–85%","Yes","Yes","Yes","3","3","6–7","Yes","Yes","No","2","2","4","Yes","4","4"
"2026/05/06 1:02:09 pm GMT+6","Ayoraf Hossain ","Male","23-25","IIT","3rd Year","Rented Mess/Flat","Yes","No","2","5","<1 km","15–30 min","30–60 min","Walking","0","Sometimes","5000–8000","3.50–4.00","4–6","85-100%","No","Yes","No","2","1","6–7","Maybe","No","Yes","1","3","3","Yes","4","3"
"2026/05/06 6:33:06 pm GMT+6","Prattoy Das ","Male","20-22","Software Engineering ","2nd Year","Rented Mess/Flat","Yes","No","2","5",">5 km","15–30 min","30–60 min","Bus","0","Sometimes","5000–8000","3.00–3.49","2–4","70–85%","No","Yes","No","1","1","6–7","No","No","Yes","1","4","3","No","5","1"
"2026/05/06 9:04:56 pm GMT+6","Jaba Rani acharjee","Female","23-25","IIT","3rd Year","University Hall","Yes","Yes","4","2","On campus","on campus","0","Walking","0","Sometimes","3000–5000","3.00–3.49","<2","70–85%","Yes","Yes","No","2","2","7-10","Yes","No","No","1","2","3","Yes","2","3"
"2026/05/07 10:36:08 am GMT+6","Orpa","Female","23-25","IIT","3rd Year","Rented Mess/Flat","Yes","No","1","4","1–3 km",">1 hour",">2hours","Bus","<50","Often","5000–8000","3.50–4.00","<2","70–85%","Yes","Yes","Yes","2","2","5–6","Maybe","Yes","No","2","2","1","Yes","3","3"
"2026/05/07 8:42:47 pm GMT+6","Yousuf Ahmed Raihan","Male","23-25","IIT","3rd Year","University Hall","Yes","Yes","more than 4","3","On campus","on campus","0","Walking","0","Sometimes","5000–8000","2.50–2.99","2–4","70–85%","No","No","Yes","2","2","7-10","Maybe","Yes","No","2","3","3","Yes","3","1"